Address,Building City,Building State,Building ZIP,Building Footprint,Building Footprint Sq Ft,Parcel Number,Year Built,Effective Year Built,Property Use,Stories,Land Area,Construction Type,Tax District,Land Value,Denver GIS Aerial Image URL,Denver GIS Aerial Image File
65 N YUMA ST,DENVER,CO,80223,"POLYGON ((-105.0155640374500052 39.7179352801891028, -105.0155636561379993 39.7177532457157980, -105.0155448926829962 39.7177523724741022, -105.0155461202569995 39.7176670223152968, -105.0155619762039976 39.7176671158447974, -105.0155596442619981 39.7174756474831980, -105.0155596298729961 39.7174744846598031, -105.0157691539230029 39.7174762806059007, -105.0157917700740029 39.7174764748595024, -105.0157941874520020 39.7172077214591965, -105.0158117062450032 39.7172078149886971, -105.0158175230599937 39.7172078464650014, -105.0158173611820018 39.7171860693815972, -105.0158116648759972 39.7171860442006022, -105.0157889893699945 39.7171859398793003, -105.0157889659879942 39.7171166318271034, -105.0158115317770040 39.7171165364989989, -105.0158168422729972 39.7171165149152969, -105.0158159141730039 39.7169918733763012, -105.0158112943559985 39.7169918922621008, -105.0157902754010024 39.7169919714024005, -105.0157887591440016 39.7167549262987976, -105.0158108392989931 39.7167548426618993, -105.0158141470050026 39.7167548300714017, -105.0158141281190041 39.7167523461438989, -105.0158108348019965 39.7167523533384994, -105.0157438847719931 39.7167525026259014, -105.0157436329619998 39.7166853826242985, -105.0158106405490059 39.7166849779293969, -105.0158132854549962 39.7166849626409970, -105.0158134833060046 39.7166656631899002, -105.0158166696040070 39.7161510423367972, -105.0158697457920027 39.7161510198536973, -105.0163801632139950 39.7161507950231965, -105.0164159580299952 39.7162126099240993, -105.0164586740289963 39.7162852778432978, -105.0164591740520024 39.7166135393834026, -105.0164592424000034 39.7166590091060030, -105.0164621085390024 39.7169700828031011, -105.0164642956909944 39.7172065946086974, -105.0164594951099986 39.7172065946086974, -105.0164594177680044 39.7172778119214982, -105.0164592666820056 39.7174086803663968, -105.0164592154199994 39.7174661758233967, -105.0164590031800032 39.7176526628402016, -105.0164589492210041 39.7177109928680991, -105.0164588988589998 39.7177524102456019, -105.0165186174399992 39.7177525937073028, -105.0165181506919936 39.7178424000068020, -105.0165127907330032 39.7178423334569999, -105.0164587990339982 39.7178416688580000, -105.0164584905670040 39.7181268528719968, -105.0164584896679969 39.7181285948587970, -105.0164584824729985 39.7181330743819032, -105.0164584833720056 39.7181338576913987, -105.0164584518959998 39.7181612735239966, -105.0164584527950069 39.7181628086667970, -105.0164584491979980 39.7181660911922023, -105.0164584114269957 39.7182018185591019, -105.0164452246669953 39.7182017906801974, -105.0158893564090050 39.7182005442197976, -105.0158167748240032 39.7182003814425002, -105.0157930794869969 39.7182003292817996, -105.0157920659510040 39.7179742298269005, -105.0157628523739959 39.7179744357716018, -105.0157624090080049 39.7179369826056998, -105.0155640374500052 39.7179352801891028))",150121,0508500065000,,,MANUFACTURING INDUSTRIAL-MEAT PACKING  Industrial 3215 3115 3215,,1.52,Industrial,DENV,1278900,https://drapparchive.s3.us-east-2.amazonaws.com/2018/S1W119c.tif,aerial_images_80223_sample10/denver_gis/0508500065000-denver_gis-ai-crop.jpg
500 S SANTA FE DR,DENVER,CO,80223,"POLYGON ((-104.9928516169089932 39.7066609743245991, -104.9928443953530035 39.7066475942111978, -104.9928275204739947 39.7066163301795001, -104.9928200075370057 39.7066024122715007, -104.9928207422830013 39.7066021766491986, -104.9928142905470025 39.7065902696253019, -104.9928249016480066 39.7065868405102975, -104.9928292498699989 39.7065854339706021, -104.9928812837439978 39.7065686130510969, -104.9928851912989956 39.7065673504029988, -104.9929370390130003 39.7065505879392973, -104.9929450061070071 39.7065480131803028, -104.9929788386019993 39.7065370765249028, -104.9929853874660068 39.7065491607152978, -104.9929993872119951 39.7065446533131023, -104.9930035411800020 39.7065433160213033, -104.9930200059680061 39.7065380154172018, -104.9928585668690033 39.7062388991059976, -104.9930135335479946 39.7061889984235989, -104.9931470217180021 39.7064363263754032, -104.9935263656490037 39.7063141768578021, -104.9935144775109990 39.7062921560581970, -104.9933280759299947 39.7063521723150004, -104.9932445334080029 39.7061973872997029, -104.9934394731530034 39.7061346164194973, -104.9934100131620056 39.7060800473564015, -104.9934879969730019 39.7060549355867991, -104.9937131692269929 39.7064721229900996, -104.9937638613129991 39.7064557939997016, -104.9937811363899982 39.7064502361894966, -104.9939189817760052 39.7067056274628030, -104.9939042760610022 39.7067103623934017, -104.9939504940199981 39.7067959949392986, -104.9939440359879939 39.7067980741718003, -104.9939676036219964 39.7068417425524984, -104.9939802390969987 39.7068376731201980, -104.9940466477350043 39.7069607093692980, -104.9940355141280008 39.7069642922683030, -104.9940829021039974 39.7070520840864987, -104.9940947866449932 39.7070482565719018, -104.9941598552930060 39.7071688124906998, -104.9941472710799957 39.7071728648358970, -104.9941635065409997 39.7072029417623966, -104.9942911095470066 39.7071618535368032, -104.9944039456860025 39.7073709000471027, -104.9942764344099970 39.7074119585951024, -104.9934079015529989 39.7076916342616002, -104.9932444470740052 39.7073887992536996, -104.9932035872759997 39.7073130997197978, -104.9929941450640030 39.7069250539480976, -104.9929515279909964 39.7068460925732012, -104.9928516169089932 39.7066609743245991))",131819,0515300054000,1996,,MERCHANDISING COMMERCIAL-RETAIL 345: DISCOUNT DEPT STORE Commercial 2212 2112 2212,1,13.85,345: DISCOUNT DEPT STORE,DENV,16297100,https://drapparchive.s3.us-east-2.amazonaws.com/2018/S1E120a.tif,aerial_images_80223_sample10/denver_gis/0515300054000-denver_gis-ai-crop.jpg
1314 W EVANS AVE,DENVER,CO,80223,"POLYGON ((-105.0036395208470026 39.6764876072172967, -105.0036355944070010 39.6764875658486034, -105.0035741617180065 39.6764869147393995, -105.0032840746000034 39.6764838372593971, -105.0032526405969975 39.6764835027114984, -105.0032531945790026 39.6764522620622984, -105.0032575715799936 39.6762058891904985, -105.0032580122470023 39.6761810849891035, -105.0032636986610015 39.6758608507976973, -105.0032650278590012 39.6757859921299030, -105.0032674227529981 39.6756511369904032, -105.0032674398400019 39.6756501918030011, -105.0032698257419952 39.6755159401086033, -105.0032738151339942 39.6752914144673028, -105.0034871028470036 39.6752936762621999, -105.0034897549480064 39.6751444319699971, -105.0036217493440063 39.6751458322143975, -105.0036868260859961 39.6751465219944990, -105.0039324093529984 39.6751491264311014, -105.0039964617670023 39.6751498054192027, -105.0041013964620049 39.6751509178806003, -105.0041009629889999 39.6751752832128020, -105.0040928070369972 39.6756349087240991, -105.0040913105659968 39.6757191967835965, -105.0039224394689938 39.6760856786112015, -105.0038964661490013 39.6761420436205015, -105.0037367546469937 39.6764886387396984, -105.0037326906110025 39.6764885946728967, -105.0036395208470026 39.6764876072172967))",96700,0528100060000,1983,,MANUFACTURING INDUSTRIAL-FACTORY 401: MFG/PROCESSING Industrial 3215 3115 3215,3,9.81,401: MFG/PROCESSING,DENV,6952000,https://drapparchive.s3.us-east-2.amazonaws.com/2018/S1W149b.tif,aerial_images_80223_sample10/denver_gis/0528100060000-denver_gis-ai-crop.jpg
2475 W 2ND AVE,DENVER,CO,80223,"POLYGON ((-105.0164512681109983 39.7218232022789977, -105.0164512114539974 39.7217380220920973, -105.0164503040380026 39.7204037231534031, -105.0164502968439990 39.7203981338668015, -105.0166953989729990 39.7203980322435015, -105.0166953926780025 39.7203885938586012, -105.0166953854839988 39.7203759889607966, -105.0167682593479981 39.7203759592832029, -105.0167682647440017 39.7203887485419997, -105.0167682728379930 39.7203978334933012, -105.0170142032429936 39.7203977327692002, -105.0170142104369972 39.7204046926225018, -105.0170142221290064 39.7204188569446970, -105.0170142437119978 39.7204525761255027, -105.0170143588260032 39.7206211369559981, -105.0170143822080036 39.7206565063927002, -105.0170145189050004 39.7208509092421025, -105.0170145431870026 39.7208873524693971, -105.0170367753270000 39.7208873425769013, -105.0170367906149949 39.7209123761052965, -105.0170124297799958 39.7209123841992024, -105.0170124450680049 39.7209328770507000, -105.0170124666520053 39.7209635853012983, -105.0170125062220023 39.7210201706444010, -105.0170388689490011 39.7210201598525998, -105.0170388842369960 39.7210441780463981, -105.0170122885860025 39.7210441879390004, -105.0170123020759974 39.7210614531236033, -105.0170123542369964 39.7211367830362008, -105.0170123821159933 39.7211768073637970, -105.0170124019009990 39.7212086757398026, -105.0170124144910062 39.7212252988084984, -105.0170371836189958 39.7212252898153011, -105.0170372007059996 39.7212472827360017, -105.0170130763920042 39.7212472908299006, -105.0170132166870047 39.7214517804752987, -105.0170132373710032 39.7214827657170986, -105.0170132706460038 39.7215297741797997, -105.0170133389940048 39.7216297877845008, -105.0170133614769981 39.7216632596517982, -105.0170356295910068 39.7216632542558017, -105.0170356421809998 39.7216794510459010, -105.0170356457779945 39.7216867472456983, -105.0170132778399932 39.7216867571382011, -105.0170133210079939 39.7217484317447997, -105.0170133515850068 39.7217939536281008, -105.0170133803629966 39.7218374376477001, -105.0170133965509933 39.7218610502472984, -105.0170134010480041 39.7218685757742023, -105.0170134109399953 39.7218794018129984, -105.0170134127390043 39.7218811420012017, -105.0170382367249999 39.7218811321085994, -105.0170382556109985 39.7219059228201985, -105.0170263656739991 39.7219059282161027, -105.0170130575070004 39.7219059336119997, -105.0170130754929971 39.7219336857910008, -105.0170130835870026 39.7219450379332031, -105.0170130934789938 39.7219592463222000, -105.0167635810740023 39.7219593470463010, -105.0167641827210048 39.7219842573676019, -105.0166925067539978 39.7219852888899965, -105.0166918826240021 39.7219593758246035, -105.0164513625399962 39.7219594729513972, -105.0164512681109983 39.7218232022789977))",90660,0508400048000,1971,,WAREHOUSE INDUSTRIAL-WAREHOUSE 398: WAREHOUSE Industrial 2235 2135 2235,1,7.11,398: WAREHOUSE,DENV,8139600,https://drapparchive.s3.us-east-2.amazonaws.com/2018/S1W118b.tif,aerial_images_80223_sample10/denver_gis/0508400048000-denver_gis-ai-crop.jpg
1390 W EVANS AVE,DENVER,CO,80223,"POLYGON ((-105.0048935175220066 39.6773404118305990, -105.0046692328990048 39.6772742729893011, -105.0057834416519995 39.6750181024035982, -105.0059243771080020 39.6750596609745969, -105.0060270760889978 39.6750899465437996, -105.0060603123330054 39.6750997464561976, -105.0061067434310047 39.6751134386343978, -105.0049925454700031 39.6773696128174009, -105.0048935175220066 39.6773404118305990))",85682,0528100023000,1972,,WAREHOUSE INDUSTRIAL-WAREHOUSE 398: WAREHOUSE Industrial 2235 2135 2235,1,6.21,398: WAREHOUSE,DENV,6270700,https://drapparchive.s3.us-east-2.amazonaws.com/2018/S1W149b.tif,aerial_images_80223_sample10/denver_gis/0528100023000-denver_gis-ai-crop.jpg
901 S JASON ST,DENVER,CO,80223,"POLYGON ((-104.9992987280540007 39.7010414463057018, -104.9992885810030003 39.7010414741847981, -104.9992862787390067 39.7005385526122012, -104.9995176212409973 39.7005379185901006, -104.9995172615119969 39.7004592935616003, -104.9995425486499983 39.7004592252131019, -104.9995425288650068 39.7004548652997968, -104.9995418049099953 39.7002965351570012, -104.9995417239710065 39.7002796117146985, -104.9995181455460056 39.7002796764658967, -104.9995178424740061 39.7002133109955011, -104.9995300723550002 39.7002132768213016, -104.9995300552679964 39.7002093917501000, -104.9995179360039970 39.7002094241257026, -104.9995176275359938 39.7001420091464965, -104.9995403012439965 39.7001419470932007, -104.9995394729679958 39.6999610061955011, -104.9995391492119978 39.6998902925029995, -104.9995390835619986 39.6998757486668978, -104.9995162659629955 39.6998758098208029, -104.9995157974159952 39.6997733320736970, -104.9995156634170002 39.6997440240674990, -104.9995398389920069 39.6997439602155993, -104.9995397121879961 39.6997161279970001, -104.9996245407400011 39.6997158959717993, -104.9996245308470009 39.6997137753704976, -105.0000530955740032 39.6997156045915034, -105.0000592775139978 39.7010636991305006, -104.9994921587360039 39.7010622305376017, -104.9994920598110042 39.7010409193029972, -104.9992987280540007 39.7010414463057018))",85233,0516400231000,1965,2005,WAREHOUSE INDUSTRIAL-WAREHOUSE 398: WAREHOUSE Industrial 2235 2135 2235,1,2.14,398: WAREHOUSE,DENV,3689600,https://drapparchive.s3.us-east-2.amazonaws.com/2018/S1W129d.tif,aerial_images_80223_sample10/denver_gis/0516400231000-denver_gis-ai-crop.jpg
730 S JASON ST,DENVER,CO,80223,"POLYGON ((-104.9985135731430006 39.7032073438438999, -104.9985136226059979 39.7031911416579035, -104.9985519777920047 39.7031912082076985, -104.9985519274290056 39.7032081055697006, -104.9985759033550039 39.7032081478377989, -104.9986670487450056 39.7032083052191993, -104.9987668195330031 39.7032084760904027, -104.9987668546069983 39.7031959026688028, -104.9987902999319971 39.7031959386416986, -104.9988108584339983 39.7031959755138999, -104.9988117226830013 39.7031959782119017, -104.9988116849110042 39.7032098007916971, -104.9989866713980007 39.7032101011652969, -104.9989867109679977 39.7031960231780019, -104.9989939109400012 39.7031960366677978, -104.9990251911600012 39.7031960906272019, -104.9990295861459941 39.7031960969223974, -104.9990295474759989 39.7032091541790990, -104.9990719145369980 39.7032092243263008, -104.9990707319289953 39.7036195247212973, -104.9990105924649981 39.7036194204000026, -104.9977101808800057 39.7036171792894024, -104.9976675656059939 39.7036171064443977, -104.9971960978219983 39.7036162907592995, -104.9971394693109943 39.7035764211150024, -104.9971405475979935 39.7032051081293034, -104.9975453603299940 39.7032058087011990, -104.9975454043970018 39.7031909644914975, -104.9975847893069982 39.7031910346385999, -104.9975847479380064 39.7032048590170987, -104.9978295451970070 39.7032052816984020, -104.9978295793719951 39.7031934430231033, -104.9978724482549950 39.7031935176667972, -104.9978724140810016 39.7032057736276016, -104.9978863958399984 39.7032057988085967, -104.9978864381090062 39.7031911641408968, -104.9979272925099991 39.7031912360868020, -104.9979272466450055 39.7032065956080018, -104.9981152094489971 39.7032069202631988, -104.9981152472209942 39.7031939925088011, -104.9981571223530068 39.7031940635553013, -104.9981570854809974 39.7032067287075989, -104.9981643573990056 39.7032067421974020, -104.9981639329189989 39.7031745410723005, -104.9981720618909975 39.7031744781196991, -104.9982019274769982 39.7031742442960009, -104.9982178841480049 39.7031741174915993, -104.9982371062569939 39.7031739673047994, -104.9982669682459999 39.7031737316823978, -104.9982674035179997 39.7032069202631988, -104.9983118246310028 39.7032069967056032, -104.9985135731430006 39.7032073438438999))",81994,0516400004000,1979,,WAREHOUSE INDUSTRIAL-WAREHOUSE 398: WAREHOUSE Industrial 2235 2135 2235,1,4.58,398: WAREHOUSE,DENV,7365500,https://drapparchive.s3.us-east-2.amazonaws.com/2018/S1W129d.tif,aerial_images_80223_sample10/denver_gis/0516400004000-denver_gis-ai-crop.jpg
1441 W BAYAUD AVE,DENVER,CO,80223,"POLYGON ((-105.0064577425309977 39.7152246488984986, -105.0064577605169944 39.7152155774370001, -105.0064332054279959 39.7152158229518975, -105.0064327377809974 39.7151879547604025, -105.0064578126779935 39.7151877056480984, -105.0064578306640044 39.7151782843504009, -105.0064328367059971 39.7151785343618968, -105.0064323555690038 39.7151498118143991, -105.0064578864219982 39.7151495573062974, -105.0064579035090020 39.7151403005844017, -105.0064340642809952 39.7151405398041035, -105.0064336173179953 39.7151138038589977, -105.0064579520730064 39.7151135592433988, -105.0064579547709940 39.7151122390387030, -105.0064653813719957 39.7151122336426994, -105.0064650567170048 39.7150927876021029, -105.0065033309639944 39.7150924053902017, -105.0065036619139960 39.7151122048643970, -105.0065153827789999 39.7151121976697965, -105.0065150320429979 39.7150913819617983, -105.0065515499139934 39.7150910186355972, -105.0065519024479954 39.7151121715895030, -105.0066161437199952 39.7151121239255005, -105.0066161706999992 39.7151337346342004, -105.0067283926010049 39.7151336554938013, -105.0067283800109976 39.7151232827133995, -105.0067283665210027 39.7151112326973035, -105.0067288224770010 39.7151112326973035, -105.0067288143829956 39.7150913585794001, -105.0068025165229955 39.7150906211353032, -105.0068028609630062 39.7151111805366028, -105.0068111599070022 39.7151111733421018, -105.0068111877859991 39.7151332382084021, -105.0069225184590067 39.7151331590681025, -105.0069225013720029 39.7151193778570004, -105.0069224923790046 39.7151108801630031, -105.0069243314929963 39.7151108783643991, -105.0069261301370034 39.7151108783643991, -105.0069262434510051 39.7150912209830977, -105.0069537743970045 39.7150916085909031, -105.0069684693190055 39.7150918145355973, -105.0069679504109956 39.7151108504854022, -105.0069713750289964 39.7151108468881020, -105.0069762124820016 39.7151108414921978, -105.0069761234489931 39.7150920690437985, -105.0070188205619957 39.7150921283990996, -105.0070187108450028 39.7151108100159007, -105.0070243945600055 39.7151108082172968, -105.0070280871759962 39.7151108064186005, -105.0070279864520018 39.7150918253274980, -105.0070459171350024 39.7150918801862005, -105.0070736522270067 39.7150919692190030, -105.0070756289370024 39.7150919755142979, -105.0071216562389935 39.7150921212044992, -105.0071393297159972 39.7150921760631022, -105.0071899561520041 39.7150923370418028, -105.0071894570280051 39.7151106877080977, -105.0071943196620055 39.7151106841107975, -105.0071960949239980 39.7151106832114991, -105.0071964168810013 39.7150911094672026, -105.0072132719750044 39.7150910546085001, -105.0072150571290024 39.7150910492126030, -105.0072310120019949 39.7150909970519024, -105.0072648786709948 39.7150908846367017, -105.0072654209619998 39.7151106319502034, -105.0072726065459960 39.7151106265541998, -105.0072742208290038 39.7151106256549014, -105.0072742406139952 39.7151343650589013, -105.0073009414849992 39.7151343443744977, -105.0074816827330011 39.7151342166707977, -105.0075019435600012 39.7151341995837015, -105.0075019120839954 39.7151168084940025, -105.0075019021909952 39.7151108900555982, -105.0075047512430046 39.7151108882570014, -105.0075051613339951 39.7150938559966988, -105.0075052251859944 39.7150911886075022, -105.0075121364759951 39.7150912290769966, -105.0075280904490000 39.7150913271031030, -105.0075423105290042 39.7150914152366994, -105.0075423294150028 39.7150939432309968, -105.0075424634139978 39.7151108612773029, -105.0075498621360026 39.7151108576800027, -105.0075506382510042 39.7150921814590987, -105.0075758885160013 39.7150918765889003, -105.0075882658859996 39.7150917282007967, -105.0075881085039953 39.7151108289017003, -105.0075915313239960 39.7151108271029969, -105.0075982231790022 39.7151108226063982, -105.0075983994470050 39.7150905941555976, -105.0076040354980051 39.7150906705980020, -105.0076199885720030 39.7150908828379983, -105.0076361898580046 39.7150911013732966, -105.0076368166860021 39.7151107983248011, -105.0076440571269956 39.7151107974254032, -105.0076440661210029 39.7151130835019970, -105.0076440993960034 39.7151341060542009, -105.0076684944049958 39.7151340925643979, -105.0079335713769950 39.7151338956128015, -105.0079570904469932 39.7151338794249966, -105.0079570751589984 39.7151206800754011, -105.0079570679640000 39.7151122714141991, -105.0079557270750001 39.7150917461871984, -105.0079557117870053 39.7150914404177016, -105.0079716882430034 39.7150914988735977, -105.0079984556639943 39.7150915951011001, -105.0080739105819987 39.7150918711930032, -105.0080860019670013 39.7150919152596984, -105.0082048797510055 39.7150923478337035, -105.0082556608700060 39.7150925339932996, -105.0082550628209930 39.7151120501809984, -105.0082696201470043 39.7151120402885027, -105.0082697586420011 39.7152230247229028, -105.0082697829240033 39.7152427981166980, -105.0082697856220051 39.7152466786913010, -105.0082701543440038 39.7155493527205010, -105.0064571327900040 39.7155493392306980, -105.0064571696629940 39.7155296305880015, -105.0064572721850027 39.7154741424177971, -105.0064577425309977 39.7152246488984986))",81546,0509506017000,1983,,WAREHOUSE INDUSTRIAL-WAREHOUSE 398: WAREHOUSE Industrial 2235 2135 2235,1,2.72,398: WAREHOUSE,DENV,3581600,https://drapparchive.s3.us-east-2.amazonaws.com/2018/S1W119c.tif,aerial_images_80223_sample10/denver_gis/0509506017000-denver_gis-ai-crop.jpg
600 W BAYAUD AVE,DENVER,CO,80223,"POLYGON ((-104.9950220200500013 39.7147294938710971, -104.9950200181589963 39.7147292654433031, -104.9950172446500005 39.7147288058896990, -104.9950145152079983 39.7147282114379010, -104.9950118388249933 39.7147274838862998, -104.9950092289929984 39.7147266259331033, -104.9950066956029957 39.7147256411753986, -104.9950042476479979 39.7147245323114007, -104.9950018986189946 39.7147233056360989, -104.9949996539109947 39.7147219656462980, -104.9949975270139930 39.7147205159390992, -104.9949955233250023 39.7147189655078989, -104.9949936518359976 39.7147173179498978, -104.9949919188420040 39.7147155858556005, -104.9949903369339950 39.7147137665271970, -104.9949889043139990 39.7147118752529025, -104.9949876335719949 39.7147099156302019, -104.9949865265070059 39.7147078984507971, -104.9949855885139982 39.7147058318088000, -104.9949848258890057 39.7147037210999017, -104.9949843150740065 39.7147018819863007, -104.9949842557190038 39.7147015780155002, -104.9949837404069939 39.7146984906429026, -104.9949834139529941 39.7146944886598021, -104.9949834400340052 39.7146904776834972, -104.9949838249440006 39.7146864774990007, -104.9949845605890033 39.7146825069921974, -104.9949847881169944 39.7146493516862975, -104.9949949261749964 39.7146493948537014, -104.9949953299699956 39.7145917042438015, -104.9951660995359930 39.7144751943747991, -104.9951909756830020 39.7144559650707976, -104.9952353338439934 39.7144175406370010, -104.9952661599050003 39.7143935125506005, -104.9953002415129930 39.7143598842014001, -104.9953485602879937 39.7143109035254014, -104.9954044081869995 39.7142276308006004, -104.9954723681550064 39.7142279122884005, -104.9954726793209971 39.7141835325439985, -104.9955524105150033 39.7141838634945969, -104.9955559457499987 39.7136750243829013, -104.9957794713450028 39.7136759488859994, -104.9960776307780037 39.7142308566686992, -104.9961140605149978 39.7142310068554991, -104.9963845172320021 39.7147297870501035, -104.9950313613079942 39.7147241779785034, -104.9950313217379971 39.7147297088090028, -104.9950284888739986 39.7147298095330967, -104.9950256506130017 39.7147297690636023, -104.9950228240439998 39.7147295865012993, -104.9950220200500013 39.7147294938710971))",76871,0510300039000,1954,,WAREHOUSE INDUSTRIAL-WAREHOUSE 398: WAREHOUSE Industrial 2235 2135 2235,1,2.83,398: WAREHOUSE,DENV,7743400,https://drapparchive.s3.us-east-2.amazonaws.com/2018/S1E110c.tif,aerial_images_80223_sample10/denver_gis/0510300039000-denver_gis-ai-crop.jpg
1377 S JASON ST,DENVER,CO,80223,"POLYGON ((-105.0000713356239999 39.6917830148742965, -105.0000237866679953 39.6917827945404014, -105.0000244170930017 39.6917012970773015, -104.9996698809599991 39.6916996648077003, -104.9996701525549980 39.6916635237527018, -104.9996745700249932 39.6910916178838988, -105.0003897208089967 39.6910949121005032, -105.0004465768480060 39.6910951747026033, -105.0004810253790026 39.6910953329833021, -105.0005290941419958 39.6910955551159006, -105.0005293198720011 39.6910658406160977, -105.0005684601659937 39.6910660204804984, -105.0005682164500058 39.6910976613281008, -105.0006524892209967 39.6910980498351975, -105.0007453037530070 39.6910984779124973, -105.0007402180870031 39.6917582160688980, -105.0003828077200012 39.6917565703095008, -105.0003825927820031 39.6917844492929035, -105.0000713356239999 39.6917830148742965), (-105.0004659689290065 39.6913158971109965, -105.0003834345479987 39.6913155148991024, -105.0003825729969975 39.6914269579878010, -105.0004651100770019 39.6914273375017004, -105.0004659689290065 39.6913158971109965))",70847,0521119012000,1961,,WAREHOUSE INDUSTRIAL-WAREHOUSE 397: OFFICE/WAREHOUSE Industrial 2235 2135 2235,1,3.47,397: OFFICE/WAREHOUSE,DENV,3609800,https://drapparchive.s3.us-east-2.amazonaws.com/2018/S1W139b.tif,aerial_images_80223_sample10/denver_gis/0521119012000-denver_gis-ai-crop.jpg
2001 S PLATTE RIVER DR,DENVER,CO,80223,"POLYGON ((-105.0013567968789943 39.6808018664129989, -105.0013567537109935 39.6807908587111982, -105.0012208472639941 39.6807911590847979, -105.0012208760430070 39.6807990236560002, -105.0012172382849940 39.6807990326492970, -105.0011450766839971 39.6807991945273031, -105.0011437663719960 39.6807991945273031, -105.0011437330969954 39.6807901914141965, -105.0010035737559946 39.6807905016802991, -105.0010027589700030 39.6805711606305991, -105.0009162064179975 39.6805713512869005, -105.0009151748949989 39.6802939239254968, -105.0010022562489951 39.6802937305712007, -105.0010008272259938 39.6799094700460984, -105.0010891829190030 39.6799092730946015, -105.0010876558710038 39.6794987100973984, -105.0015358456030015 39.6794977172459014, -105.0015359391319976 39.6795233910916991, -105.0015384518380017 39.6795248560872977, -105.0015651590049970 39.6795429612387025, -105.0015361144999986 39.6795701594353005, -105.0015375264359960 39.6799495420377966, -105.0015378394000010 39.6800334946500968, -105.0015391317260054 39.6803799153008967, -105.0015394518839997 39.6804663473441011, -105.0015397621500028 39.6805499878917018, -105.0015403844810038 39.6807173319393982, -105.0015543257720054 39.6807172959665024, -105.0015546432319979 39.6808023466509994, -105.0015578978789961 39.6808023448524025, -105.0015579113679962 39.6808057379944970, -105.0015365614629985 39.6808057856584995, -105.0015365488730055 39.6808020381836002, -105.0014967853479959 39.6808021254177987, -105.0014967871470049 39.6808046399223002, -105.0014914586640060 39.6808046489154975, -105.0014914451739969 39.6808020444788028, -105.0014522779000004 39.6808021317131008, -105.0014522913899953 39.6808048701486982, -105.0014466706270042 39.6808048827392028, -105.0014466580369970 39.6808013645912965, -105.0014077713520066 39.6808014482283014, -105.0014077821430050 39.6808053377961016, -105.0014024527609990 39.6808053476886968, -105.0014024959280050 39.6808029267137030, -105.0013635840620054 39.6808023763286002, -105.0013618043039969 39.6808030526187991, -105.0013568022749979 39.6808030607126980, -105.0013567968789943 39.6808018664129989))",70349,0528112047000,1981,,MANUFACTURING INDUSTRIAL-PRINTING PLANT 401: MFG/PROCESSING Industrial 3215 3115 3215,1,3.05,401: MFG/PROCESSING,DENV,3331300,https://drapparchive.s3.us-east-2.amazonaws.com/2018/S1W149b.tif,aerial_images_80223_sample10/denver_gis/0528112047000-denver_gis-ai-crop.jpg
320 S LIPAN ST,DENVER,CO,80223,"POLYGON ((-105.0013265733630021 39.7104287739688004, -105.0013275671129946 39.7105366566415015, -105.0013283845970022 39.7106252677420031, -105.0009070720039972 39.7106275825968993, -105.0009054586199966 39.7104519252161978, -105.0004736896089952 39.7104542940304981, -105.0004671227590052 39.7097404319753977, -105.0013201908739973 39.7097357474069028, -105.0013265733630021 39.7104287739688004))",69998,0516100051000,1974,,WAREHOUSE INDUSTRIAL-WAREHOUSE 398: WAREHOUSE Commercial 2235 2135 2235,1,3.08,398: WAREHOUSE,DENV,6040100,https://drapparchive.s3.us-east-2.amazonaws.com/2018/S1W129b.tif,aerial_images_80223_sample10/denver_gis/0516100051000-denver_gis-ai-crop.jpg
756 S JASON ST,DENVER,CO,80223,"POLYGON ((-104.9975115898880063 39.7021787469517022, -104.9990690313109951 39.7021816355740000, -104.9990676895219934 39.7026153776975974, -104.9975102391060062 39.7026124890751007, -104.9975115898880063 39.7021787469517022))",69238,0516400114000,1970,,WAREHOUSE INDUSTRIAL-WAREHOUSE 398: WAREHOUSE Industrial 2235 2135 2235,1,3.02,398: WAREHOUSE,DENV,5321700,https://drapparchive.s3.us-east-2.amazonaws.com/2018/S1W129d.tif,aerial_images_80223_sample10/denver_gis/0516400114000-denver_gis-ai-crop.jpg
1385 S SANTA FE DR,DENVER,CO,80223,"POLYGON ((-104.9926288197639934 39.6923133441855001, -104.9926360638030047 39.6923128504576965, -104.9927265733730053 39.6923066784105032, -104.9927337589560068 39.6923061891793978, -104.9927374641629996 39.6923386160343981, -104.9927511743269974 39.6923376816387972, -104.9927744514800025 39.6923360943354027, -104.9930598279489971 39.6923166366036000, -104.9930579645530031 39.6923003309955007, -104.9930569168430026 39.6922911570112973, -104.9931150112490030 39.6922871963969968, -104.9930595203809958 39.6918014374863972, -104.9930582991009942 39.6917907436479993, -104.9930913995480068 39.6917608690689008, -104.9930487779789985 39.6917331969294978, -104.9930412128820052 39.6916669771493034, -104.9930397658719983 39.6916543021044035, -104.9930519777669957 39.6916432485371971, -104.9930578719229999 39.6916379137587967, -104.9931596994610032 39.6916309700932004, -104.9931746812670070 39.6916427296282990, -104.9932070595580029 39.6916681543618992, -104.9932488132819941 39.6916653080076003, -104.9932799109389947 39.6916631892049026, -104.9936478946350036 39.6918996290647002, -104.9936535288869948 39.6919489316979011, -104.9936554039740031 39.6919653308354015, -104.9937090575269991 39.6919877203570977, -104.9937151630240066 39.6920411814554015, -104.9936712293440024 39.6920804107824026, -104.9936682615810071 39.6920830601851975, -104.9936067623419973 39.6920872483279012, -104.9935915673970044 39.6920882879442019, -104.9936033179390051 39.6921911506011966, -104.9936166386970058 39.6923077809793980, -104.9936352996290054 39.6924711005609012, -104.9935771009020016 39.6925274961471004, -104.9935052747489976 39.6925323938548971, -104.9934697029640063 39.6925633916872016, -104.9934762446330012 39.6926206416292970, -104.9934162031949967 39.6926772890257027, -104.9926660660860023 39.6927284298731990, -104.9926223887119932 39.6923460723134980, -104.9926324809040068 39.6923453834327020, -104.9926288197639934 39.6923133441855001))",69187,0522300039000,1984,,WAREHOUSE INDUSTRIAL-WAREHOUSE 396: MINI WAREHOUSE Commercial 2235 2135 2235,2,3.64,396: MINI WAREHOUSE,DENV,4617000,https://drapparchive.s3.us-east-2.amazonaws.com/2018/S1E130a.tif,aerial_images_80223_sample10/denver_gis/0522300039000-denver_gis-ai-crop.jpg
1505 W 3RD AVE,DENVER,CO,80223,"POLYGON ((-105.0062577827700068 39.7215207593756006, -105.0062601506849944 39.7221305195078997, -105.0062475475859998 39.7221318981685982, -105.0062486114839970 39.7224838883208022, -105.0062894047320015 39.7224834980151016, -105.0062902267130056 39.7225338744388026, -105.0062487643690048 39.7225342710397982, -105.0062487679659995 39.7225354491516995, -105.0062492239230068 39.7226861440503995, -105.0057107575450033 39.7226880236335020, -105.0057121443000057 39.7215203106138972, -105.0057381446000022 39.7215202071919009, -105.0059952283969977 39.7215191819647018, -105.0062577764749960 39.7215181324558984, -105.0062577827700068 39.7215207593756006))",65128,0509100120000,1970,,WAREHOUSE INDUSTRIAL-WAREHOUSE 398: WAREHOUSE Industrial 2235 2135 2235,1,2.86,398: WAREHOUSE,DENV,5602500,https://drapparchive.s3.us-east-2.amazonaws.com/2018/S1W119b.tif,aerial_images_80223_sample10/denver_gis/0509100120000-denver_gis-ai-crop.jpg
2525 S DELAWARE ST,DENVER,CO,80223,"POLYGON ((-104.9928554866909991 39.6693057616516001, -104.9929341171159933 39.6693057364705979, -104.9929483830610053 39.6693057319739992, -104.9929576559709972 39.6693057283766990, -104.9929574032619968 39.6692817893232004, -104.9930019367899945 39.6692815060366968, -104.9930021948949985 39.6693057139875975, -104.9930082131580065 39.6693057130881996, -104.9930674595960056 39.6693056933032011, -104.9930899876130042 39.6693056870078991, -104.9931120111100000 39.6693056789140002, -104.9931120138080018 39.6693102141951002, -104.9931863292860044 39.6693101899134035, -104.9931865532170008 39.6697214678714971, -104.9931120245999949 39.6697214930524993, -104.9931124859519969 39.6705679637406021, -104.9928925567459999 39.6705680329883990, -104.9928924937940025 39.6704523127241018, -104.9928475906440042 39.6704523271133027, -104.9928475708589986 39.6704170224276993, -104.9928934767520019 39.6704170080385978, -104.9928934120009956 39.6702942343914984, -104.9925970880850059 39.6702943315181997, -104.9925970080449957 39.6701467329854012, -104.9925866415599955 39.6701467374819998, -104.9925866460570063 39.6701562136383998, -104.9925729295970029 39.6701562181349985, -104.9925729107110044 39.6701224764711995, -104.9925866433590045 39.6701224737731977, -104.9925866460570063 39.6701274937888968, -104.9925981879560055 39.6701274919902005, -104.9925980251790065 39.6698261012936015, -104.9925881200459941 39.6698261012936015, -104.9925881290390066 39.6698378104666034, -104.9925736922219954 39.6698378149632020, -104.9925736706379951 39.6698035157196998, -104.9925855974470039 39.6698035121223995, -104.9925856010449934 39.6698071426855989, -104.9925982248280008 39.6698071372896024, -104.9925980611519947 39.6694998947044013, -104.9925881614140053 39.6694998974024031, -104.9925881659110019 39.6695090938695998, -104.9925726481090038 39.6695090983661984, -104.9925726301229929 39.6694764763582981, -104.9925867207009986 39.6694764709624010, -104.9925867216000057 39.6694806555078969, -104.9925986250270000 39.6694806510112983, -104.9925985305980021 39.6693058443892994, -104.9927819536240037 39.6693057859332967, -104.9927819185510032 39.6692925488121020, -104.9928443872589980 39.6692924534839975, -104.9928444196339967 39.6693057643496019, -104.9928554866909991 39.6693057616516001))",61974,0527411008000,1964,,MANUFACTURING INDUSTRIAL-FACTORY 401: MFG/PROCESSING Industrial 3215 3115 3215,1,4.41,401: MFG/PROCESSING,DENV,3844700,https://drapparchive.s3.us-east-2.amazonaws.com/2018/S1E140c.tif,aerial_images_80223_sample10/denver_gis/0527411008000-denver_gis-ai-crop.jpg
260 N RIO GRANDE BLVD,DENVER,CO,80223,"POLYGON ((-105.0041872799189946 39.7207899235162003, -105.0041870128199974 39.7206281876407985, -105.0041869975320026 39.7206174794131996, -105.0041866054269946 39.7203800871713000, -105.0041865820449942 39.7203651071639996, -105.0041863680060032 39.7202362505026016, -105.0049326218429968 39.7202358934717026, -105.0050530095890053 39.7201746937072002, -105.0050565205419986 39.7201786633146980, -105.0050645335009989 39.7201740776716008, -105.0053252631499987 39.7204839696594973, -105.0051896184060070 39.7205523082425032, -105.0052736582530031 39.7206533902418002, -105.0052003437210004 39.7206889332477004, -105.0052003742979991 39.7207895709819994, -105.0052027476090046 39.7207891141263971, -105.0052033438589945 39.7207964489969996, -105.0042965241649995 39.7207979310797015, -105.0042944449329951 39.7207894477747985, -105.0041954124880021 39.7207898875432974, -105.0041872799189946 39.7207899235162003))",60190,0509100029000,1951,,WAREHOUSE INDUSTRIAL-WAREHOUSE 398: WAREHOUSE Industrial 2235 2135 2235,2,2.72,398: WAREHOUSE,DENV,5400400,https://drapparchive.s3.us-east-2.amazonaws.com/2018/S1W119b.tif,aerial_images_80223_sample10/denver_gis/0509100029000-denver_gis-ai-crop.jpg
1550 W EVANS AVE,DENVER,CO,80223,"POLYGON ((-105.0057543377919984 39.6783482056051966, -105.0057493888230056 39.6766392580952996, -105.0057827275909972 39.6766390764323020, -105.0060919378930038 39.6766397410313019, -105.0060970046729949 39.6783501904089988, -105.0057716263590066 39.6783507524853007, -105.0057543458860039 39.6783507839614984, -105.0057543377919984 39.6783482056051966))",60106,0528100040000,1975,,WAREHOUSE INDUSTRIAL-WAREHOUSE 398: WAREHOUSE Industrial 2235 2135 2235,1,4.16,398: WAREHOUSE,DENV,4167100,https://drapparchive.s3.us-east-2.amazonaws.com/2018/S1W149b.tif,aerial_images_80223_sample10/denver_gis/0528100040000-denver_gis-ai-crop.jpg
2555 S SANTA FE DR,DENVER,CO,80223,"POLYGON ((-104.9957172436560029 39.6706869665303969, -104.9957170035369955 39.6706868577123970, -104.9957162373139994 39.6706864566148028, -104.9957155052660056 39.6706860204435969, -104.9957148136879965 39.6706855500980993, -104.9957141625790058 39.6706850446790966, -104.9957135474419943 39.6706845095825003, -104.9957129817690031 39.6706839457076015, -104.9957124610610038 39.6706833566516011, -104.9957119925140034 39.6706827397167032, -104.9957115716320004 39.6706821038959987, -104.9957112065069964 39.6706814473909972, -104.9957108944419986 39.6706807764967024, -104.9957106372360016 39.6706800930119030, -104.9957104375869932 39.6706793951381016, -104.9957102963929998 39.6706786900696002, -104.9957102082589984 39.6706779778064984, -104.9957101812800033 39.6706772646440982, -104.9957102136550020 39.6706765523811029, -104.9957103044870053 39.6706758437153013, -104.9957104510759933 39.6706751404453968, -104.9957106552229931 39.6706744443700998, -104.9957109187240007 39.6706737617846983, -104.9957112325869986 39.6706730926890998, -104.9957116031080062 39.6706724406805975, -104.9957120275879987 39.6706718084572998, -104.9957297298430063 39.6706038017240985, -104.9958094331589962 39.6706163490652983, -104.9958144423829935 39.6705973490884034, -104.9958092487979968 39.6705965325039998, -104.9958527373139958 39.6704315617672023, -104.9958712489590056 39.6704344764699002, -104.9958791351139951 39.6704045596228028, -104.9958585181559982 39.6704013148688972, -104.9959089296529982 39.6702100749350990, -104.9958352257149983 39.6701984718820029, -104.9958497200880032 39.6701427795657011, -104.9958513415659951 39.6701365499619030, -104.9958542211950032 39.6701254900993021, -104.9958550018070014 39.6701247265748975, -104.9958558444720040 39.6701240008220992, -104.9958567509879970 39.6701233191358966, -104.9958577114639979 39.6701226815166024, -104.9958587232009961 39.6701220924606019, -104.9958597835019987 39.6701215546661032, -104.9958608860710001 39.6701210699314970, -104.9958620300089933 39.6701206400555009, -104.9958632081209942 39.6701202659375980, -104.9958644150109990 39.6701199484769020, -104.9958656479810060 39.6701196912707985, -104.9958668998369973 39.6701194943192021, -104.9958681669820066 39.6701193585216032, -104.9958694431200001 39.6701192865758969, -104.9958707246539973 39.6701192748846978, -104.9958720043889997 39.6701193234480982, -104.9958732769299985 39.6701194358632989, -104.9958745395779971 39.6701196103318026, -104.9958757851390061 39.6701198450547992, -104.9958770082169934 39.6701201391332035, -104.9958782070140018 39.6701204907680989, -104.9958793707360059 39.6701209008588975, -104.9958805002849971 39.6701213640098018, -104.9958815893640036 39.6701218820193020, -104.9968938365809947 39.6702792265052011, -104.9967725108430017 39.6707453936850030, -104.9968221696070003 39.6707531116667980, -104.9968171675780013 39.6707723337762985, -104.9968129533550041 39.6707885260696997, -104.9967639771760020 39.6707809142079029, -104.9967467101919993 39.6708472652890975, -104.9957257971079940 39.6706885754175005, -104.9957248753029972 39.6706886014978011, -104.9957239534980005 39.6706885844106978, -104.9957230352899984 39.6706885205587980, -104.9957221251760018 39.6706884117408975, -104.9957212240550035 39.6706882597554014, -104.9957203373240020 39.6706880619045990, -104.9957194703769972 39.6706878235842026, -104.9957186223169998 39.6706875411970969, -104.9957177949400062 39.6706872201391008, -104.9957172436560029 39.6706869665303969))",59783,0527400009000,1941,,WAREHOUSE INDUSTRIAL-WAREHOUSE 398: WAREHOUSE Industrial 2235 2135 2235,2,6.54,398: WAREHOUSE,DENV,12154400,https://drapparchive.s3.us-east-2.amazonaws.com/2018/S1E140c.tif,aerial_images_80223_sample10/denver_gis/0527400009000-denver_gis-ai-crop.jpg
1705 S ACOMA ST,DENVER,CO,80223,"POLYGON ((-104.9890598961970056 39.6853894970276997, -104.9889929065970051 39.6853894898330992, -104.9889844826479930 39.6853894898330992, -104.9889844880439966 39.6853539117537011, -104.9888748903640021 39.6853539009618004, -104.9888803816239999 39.6849607488396003, -104.9888807233670036 39.6849362387165030, -104.9888843197559964 39.6846788725319968, -104.9888756305060014 39.6846787106539978, -104.9888556367779984 39.6846783365361020, -104.9888553822700032 39.6846783320393968, -104.9888540962389953 39.6846777708624998, -104.9888528893490047 39.6846771134581005, -104.9888517705930013 39.6846763706179999, -104.9888507516610048 39.6846755432418021, -104.9888498433460029 39.6846746457184025, -104.9888490528410045 39.6846736816452008, -104.9888483864440047 39.6846726636126022, -104.9888478540450052 39.6846716006139033, -104.9888474601419972 39.6846704998436977, -104.9888472074329968 39.6846693765904988, -104.9888470995140040 39.6846682398473973, -104.9888471345879992 39.6846670986076973, -104.9888473135529949 39.6846659663613011, -104.9888476364090053 39.6846648530005979, -104.9888481013589967 39.6846637693176021, -104.9888486994079955 39.6846627270032997, -104.9888494278589945 39.6846617323530992, -104.9888502768189937 39.6846608006555002, -104.9888512417909965 39.6846599373063000, -104.9888523092869974 39.6846591512988027, -104.9888534748079962 39.6846584498276016, -104.9888547221680000 39.6846578382887003, -104.9888558076490028 39.6846574174060009, -104.9888560414729994 39.6846573265744027, -104.9888753903869940 39.6846576907998028, -104.9888846138340028 39.6846578616709991, -104.9888864466520033 39.6845265048943006, -104.9890367629359957 39.6845265210820983, -104.9890367737280030 39.6844700679393014, -104.9888837945510005 39.6844700517514966, -104.9888838637990034 39.6840607801809000, -104.9893233489929969 39.6840608251470002, -104.9893096082520003 39.6853507164624020, -104.9891675351539959 39.6853507011739026, -104.9891675198650063 39.6854355594036008, -104.9891675198650063 39.6854415533849973, -104.9891077743040029 39.6854415452911979, -104.9891077832979960 39.6853895024237033, -104.9890598961970056 39.6853894970276997))",57752,0522611004000,1950,,MANUFACTURING INDUSTRIAL-FACTORY 401: MFG/PROCESSING Industrial 3215 3115 3215,1,1.72,401: MFG/PROCESSING,DENV,3000000,https://drapparchive.s3.us-east-2.amazonaws.com/2018/S1E130c.tif,aerial_images_80223_sample10/denver_gis/0522611004000-denver_gis-ai-crop.jpg
1123 W 3RD AVE,DENVER,CO,80223,"POLYGON ((-105.0028276578700002 39.7214430741385982, -105.0027253437999946 39.7214433772101998, -105.0027134916339975 39.7214434131830032, -105.0027123935620068 39.7212225873525995, -105.0026066036119943 39.7212228994172989, -105.0024066654350037 39.7212234920705995, -105.0022889909439954 39.7212238383094984, -105.0020920618990061 39.7212244210701968, -105.0019721588879946 39.7212247763023996, -105.0018681370050047 39.7212250838705998, -105.0018676387799985 39.7211250558766977, -105.0018675236670020 39.7211036771929997, -105.0023325747879994 39.7211023012301965, -105.0023784842800012 39.7211021654325975, -105.0028268223999959 39.7211008380333013, -105.0028268475810052 39.7211051430878967, -105.0028269231240046 39.7211206060311994, -105.0028276461790000 39.7212666784145014, -105.0030968933070028 39.7212658753199008, -105.0034175393879963 39.7212649256359001, -105.0039051518010069 39.7212634822240034, -105.0039060151499939 39.7214370486808974, -105.0039062300880062 39.7214805515861968, -105.0039068776000022 39.7216096600578012, -105.0029651929889951 39.7216124515533977, -105.0029392142729989 39.7216125279958021, -105.0029379228469963 39.7216560866592019, -105.0028284582670040 39.7216575606478983, -105.0028285023339976 39.7216128571476972, -105.0028276578700002 39.7214430741385982))",53272,0509115002000,1927,,STATE ASSESSED PERSONAL PROPERTY INDUSTRIAL-WAREHOUSE 398: WAREHOUSE Industrial 8992 8991 8992,2,18.95,398: WAREHOUSE,DENV,25297700,https://drapparchive.s3.us-east-2.amazonaws.com/2018/S1W119b.tif,aerial_images_80223_sample10/denver_gis/0509115002000-denver_gis-ai-crop.jpg
301 S CHEROKEE ST,DENVER,CO,80223,"POLYGON ((-104.9935347770079943 39.7110181941343967, -104.9933580881049977 39.7110168361581017, -104.9933119034219970 39.7110164800266006, -104.9932989675729971 39.7110163811012029, -104.9932725086190004 39.7110161787537024, -104.9932591905590016 39.7110160753316990, -104.9931766777609994 39.7110154413095984, -104.9929992505149983 39.7110140770381008, -104.9929988386249988 39.7110140734408006, -104.9929989015780052 39.7110086667166016, -104.9930000401199948 39.7109205637330973, -104.9930029242459995 39.7106973295181973, -104.9930034071810070 39.7106598664597001, -104.9929274909110006 39.7106592738064990, -104.9929268712780015 39.7107073965292017, -104.9929237695159969 39.7109482808385010, -104.9929230590520035 39.7110034200717976, -104.9929229385430034 39.7110123881112997, -104.9929181091829946 39.7110123521383969, -104.9927622359879962 39.7110111533420991, -104.9927637315609985 39.7108950670536984, -104.9928241066470065 39.7108955293052972, -104.9928250662240004 39.7108212300158030, -104.9927629509490004 39.7108207515764988, -104.9927636299379969 39.7107681385388034, -104.9925220081839967 39.7107662823380991, -104.9925276820069939 39.7103261568267030, -104.9925505598600068 39.7103263348924997, -104.9925508872139943 39.7103008067369032, -104.9925884572910064 39.7103010864260995, -104.9925887720540061 39.7102769872931987, -104.9926276983100024 39.7102772903647008, -104.9926278475970065 39.7102660623289978, -104.9928970137860063 39.7102681316689967, -104.9928961540339998 39.7103349665854992, -104.9929072462719972 39.7103350034577005, -104.9929071014820039 39.7103607060818007, -104.9928958266810071 39.7103603724332999, -104.9928958122920051 39.7103615541425015, -104.9928946323809953 39.7104531689786029, -104.9929112653429968 39.7104531680792974, -104.9929112590470055 39.7104129018339975, -104.9929176433350051 39.7104129009346991, -104.9929464414250049 39.7104128982366973, -104.9929463838689969 39.7104164820350007, -104.9929458092019985 39.7104521770263972, -104.9930028208240032 39.7104514332870977, -104.9930027344889965 39.7104580864715970, -104.9930019421859981 39.7105194966774988, -104.9935147374149977 39.7105234402047031, -104.9935355063589952 39.7105236011832972, -104.9935426056070042 39.7105236596392999, -104.9935422602670059 39.7105507975812984, -104.9935422215960017 39.7105537725386029, -104.9935400497329994 39.7107222326449971, -104.9935511626560043 39.7107222695171984, -104.9935551745320055 39.7107222812082981, -104.9935552959399985 39.7107494623178994, -104.9935514054729992 39.7107494515259987, -104.9935396945009956 39.7107494191504031, -104.9935394022219981 39.7107721414212023, -104.9935490312630009 39.7107719615568016, -104.9935489602160033 39.7107844882135979, -104.9935392448399938 39.7107844504420981, -104.9935390613789963 39.7107986075697994, -104.9935383724979943 39.7108520416883977, -104.9935382924579983 39.7108582065409976, -104.9935374920620035 39.7109203595870000, -104.9935362312120049 39.7110182067249013, -104.9935347770079943 39.7110181941343967))",52362,0515301017000,1951,,MANUFACTURING INDUSTRIAL-FACTORY 401: MFG/PROCESSING Industrial 3215 3115 3215,2,5.17,401: MFG/PROCESSING,DENV,22059900,https://drapparchive.s3.us-east-2.amazonaws.com/2018/S1E120a.tif,aerial_images_80223_sample10/denver_gis/0515301017000-denver_gis-ai-crop.jpg
2625 S SANTA FE DR,DENVER,CO,80223,"POLYGON ((-104.9959329379550041 39.6693465674902015, -104.9971862781240048 39.6695370295104013, -104.9972275561070063 39.6695433013822978, -104.9975449709239967 39.6695915311242970, -104.9976518274699941 39.6696077728804966, -104.9976985571429964 39.6696148712293990, -104.9977605851830020 39.6696242979231002, -104.9976933302829991 39.6698886356521001, -104.9958821226619960 39.6696134062337009, -104.9958810101999944 39.6696177805361998, -104.9958634788160055 39.6696151167443034, -104.9958702839859939 39.6695883816985031, -104.9958731959909954 39.6695888241649968, -104.9959279790929969 39.6693735246685009, -104.9959261498720053 39.6693732503753012, -104.9959329379550041 39.6693465674902015))",51424,0527400014000,1971,,WAREHOUSE INDUSTRIAL-WAREHOUSE 398: WAREHOUSE Industrial 2235 2135 2235,1,12.59,398: WAREHOUSE,DENV,22564300,https://drapparchive.s3.us-east-2.amazonaws.com/2018/S1E140c.tif,aerial_images_80223_sample10/denver_gis/0527400014000-denver_gis-ai-crop.jpg
2300 W 2ND AVE,DENVER,CO,80223,"POLYGON ((-105.0138692048000024 39.7199765766577997, -105.0138690770960039 39.7198578481611975, -105.0138690303309943 39.7198131671439967, -105.0138683252630045 39.7191496887071978, -105.0138723964939942 39.7191496851098975, -105.0138723812050046 39.7191626974005985, -105.0144046125829931 39.7191630634247019, -105.0144048904730028 39.7193392532039979, -105.0144052996650004 39.7196001402342986, -105.0146511716140054 39.7195999891482003, -105.0146534819729993 39.7195999873496035, -105.0146537364809944 39.7198347166988981, -105.0144049696140058 39.7198348740801990, -105.0144051323910048 39.7199879827592000, -105.0138692155919955 39.7199883254008981, -105.0138692048000024 39.7199765766577997))",51330,0509300067000,1969,,WAREHOUSE INDUSTRIAL-WAREHOUSE 398: WAREHOUSE Industrial 2235 2135 2235,1,2.98,398: WAREHOUSE,DENV,4088500,https://drapparchive.s3.us-east-2.amazonaws.com/2018/S1W119a.tif,aerial_images_80223_sample10/denver_gis/0509300067000-denver_gis-ai-crop.jpg
1133 S PLATTE RIVER DR,DENVER,CO,80223,"POLYGON ((-104.9935568751500057 39.6959087365990015, -104.9934754622230031 39.6958453334953987, -104.9934755710410030 39.6958337888982982, -104.9934756915500031 39.6958212100809007, -104.9934860166659973 39.6958212685366973, -104.9934889115839951 39.6955168696078999, -104.9934957131570030 39.6955169073793996, -104.9934958462559962 39.6955027889226031, -104.9935300798489948 39.6955029831761976, -104.9936136538470066 39.6952831286134966, -104.9945025869249946 39.6952881702129972, -104.9941507172819968 39.6958972216795019, -104.9935900133680065 39.6958940389787998, -104.9935898730740007 39.6959089236580027, -104.9935568751500057 39.6959087365990015))",50644,0522400073000,1957,1959,WAREHOUSE INDUSTRIAL-WAREHOUSE 398: WAREHOUSE Industrial 2235 2135 2235,1,2.36,398: WAREHOUSE,DENV,2517000,https://drapparchive.s3.us-east-2.amazonaws.com/2018/S1E130a.tif,aerial_images_80223_sample10/denver_gis/0522400073000-denver_gis-ai-crop.jpg
1336 S JASON ST,DENVER,CO,80223,"POLYGON ((-104.9986953288260025 39.6929730130940968, -104.9986973801800048 39.6928310182370012, -104.9986594197959988 39.6928306908837030, -104.9986598622629970 39.6927999997203003, -104.9986978235459958 39.6928003270734990, -104.9986988011090006 39.6927326180160023, -104.9987108178499966 39.6927327205387002, -104.9987109194729982 39.6927257921616032, -104.9987156966719937 39.6927258317317992, -104.9987255667309967 39.6920418604436023, -104.9987683411859933 39.6920422300648994, -104.9987712936599991 39.6918377386207979, -104.9988789685900059 39.6918386667210967, -104.9988793472039958 39.6918124433896011, -104.9987322379020043 39.6918111762447978, -104.9987323035529982 39.6914781240162995, -104.9987198074729946 39.6914780160975980, -104.9987199001029978 39.6914716444008988, -104.9987306847729940 39.6914717352323976, -104.9987292395630050 39.6913536767307988, -104.9987354844549969 39.6913537306902029, -104.9988758317540061 39.6913549366810017, -104.9988742597389972 39.6916254680410034, -104.9990586306510068 39.6916270562437035, -104.9990555945399962 39.6918374643275982, -104.9990385955550067 39.6918373177380985, -104.9990356080070057 39.6920444540882968, -104.9991077812990028 39.6920450764191983, -104.9991047029199933 39.6922583668302025, -104.9991204833240062 39.6922585035271993, -104.9991195435320037 39.6923236603087020, -104.9991021434489937 39.6923235110212005, -104.9991020625100049 39.6923291084017009, -104.9991188870269951 39.6923292522931987, -104.9991172061940006 39.6924458916645975, -104.9990994140070057 39.6924457387799023, -104.9990952276630054 39.6927360309431023, -104.9990504558140003 39.6927356478319027, -104.9989746681460048 39.6927349931254980, -104.9989716221430029 39.6929461080764980, -104.9989711985620033 39.6929753900023030, -104.9986953288260025 39.6929730130940968))",50501,0521118009000,1964,,WAREHOUSE INDUSTRIAL-WAREHOUSE 397: OFFICE/WAREHOUSE Commercial 2235 2135 2235,1,0.22,397: OFFICE/WAREHOUSE,DENV,238100,https://drapparchive.s3.us-east-2.amazonaws.com/2018/S1W139b.tif,aerial_images_80223_sample10/denver_gis/0521118009000-denver_gis-ai-crop.jpg
1301 S JASON ST,DENVER,CO,80223,"POLYGON ((-104.9995872710360061 39.6929799108942021, -104.9995878843729997 39.6929474039994972, -104.9995558595149987 39.6929358728922992, -104.9995632852169933 39.6929288887573009, -104.9995893781469931 39.6929043417620022, -104.9995896281590007 39.6928910947482976, -104.9995263941279973 39.6928415286136982, -104.9995143009440000 39.6928320506586019, -104.9995641395729962 39.6927941199527012, -104.9995519447659973 39.6927854441929995, -104.9996124097850014 39.6927320910131982, -104.9995430558669938 39.6926784194735021, -104.9995891659069969 39.6926422487409027, -104.9995932982919982 39.6926390048862032, -104.9995937848249952 39.6926131358874983, -104.9995614910699970 39.6925948166975004, -104.9995950025069931 39.6925689638866004, -104.9995953487459985 39.6925506743742034, -104.9995321488899975 39.6925003986744969, -104.9995191186119996 39.6924900303906014, -104.9995666414869930 39.6924556268257973, -104.9995575097709946 39.6924480977016003, -104.9996200783040052 39.6923938748775029, -104.9995474373640008 39.6923367274579988, -104.9995916255529949 39.6923040200144968, -104.9995981078660066 39.6922992149369023, -104.9995987706670064 39.6922644696295990, -104.9995823724290034 39.6922592067969973, -104.9995683430049951 39.6922547092875035, -104.9995801627940040 39.6922434542720026, -104.9995988309210020 39.6922256791717984, -104.9996006196730036 39.6921300569566000, -104.9996051063910016 39.6921301019227002, -105.0001477015549938 39.6921361948296010, -105.0001444900759964 39.6923067863291976, -105.0001452985670056 39.6923074212504972, -105.0001659074309970 39.6923236216378967, -105.0001922764519975 39.6923443456150977, -105.0001179133110014 39.6923985396608998, -105.0001819648259982 39.6924553965992999, -105.0001718285670052 39.6924628465831972, -105.0002178558689963 39.6925002287026985, -105.0001414368779962 39.6925547581955982, -105.0001413928110026 39.6925571162179978, -105.0001397155750027 39.6926462606164989, -105.0001409566399957 39.6926472723538026, -105.0001870603850023 39.6926847695864993, -105.0001179951489974 39.6927361586469019, -105.0001751003010071 39.6927952854740980, -105.0001640053649936 39.6928039045765999, -105.0002110057329929 39.6928400096588021, -105.0001354078229951 39.6928948674042985, -105.0001352405489996 39.6929036834582973, -105.0001336901180053 39.6929860478678975, -104.9995872710360061 39.6929799108942021))",50459,0521119011000,1997,,WAREHOUSE INDUSTRIAL-WAREHOUSE 398: WAREHOUSE Industrial 2235 2135 2235,1,2.26,398: WAREHOUSE,DENV,2481400,https://drapparchive.s3.us-east-2.amazonaws.com/2018/S1W139b.tif,aerial_images_80223_sample10/denver_gis/0521119011000-denver_gis-ai-crop.jpg
2320 W 4TH AVE,DENVER,CO,80223,"POLYGON ((-105.0151261458550067 39.7218470478031023, -105.0144169323949939 39.7218487394278981, -105.0144174297209929 39.7217294056875971, -105.0144053437319940 39.7217304830753974, -105.0144053041610022 39.7216149372795968, -105.0144178542009996 39.7216152916125012, -105.0144173406879986 39.7214303775100035, -105.0144049255469980 39.7214329351818023, -105.0144041800089951 39.7213748983330035, -105.0144158046460063 39.7213728253955978, -105.0144147146669980 39.7212659778426982, -105.0144576770800029 39.7212661855860034, -105.0144561608230021 39.7211510651696003, -105.0151263805779962 39.7211504023691973, -105.0151261458550067 39.7218470478031023))",50412,0509306002000,1961,,POLITICAL SUBDIVISION COMMERCIAL INDUSTRIAL-WAREHOUSE 398: WAREHOUSE Industrial 9249 9149 9249,2,1.75,398: WAREHOUSE,DENV,2660000,https://drapparchive.s3.us-east-2.amazonaws.com/2018/S1W119a.tif,aerial_images_80223_sample10/denver_gis/0509306002000-denver_gis-ai-crop.jpg
